123,harshi
123,harshi
123,harshi
5678,Brunda
5678,Brunda
401,Brunda
1234,harshitha
401,Brunda
6201,manasa
2345,manasa
1234,mansa
1234,mansa
8909,pooja
123,manasa
123,manasa
1,MANASA
2,masasa
2,masasa
2,masasa
3,lol
3,vv
123,manasa
1,manasa
3,ll
3,ll
1234,harshi
123,brunda
1234,harshitha
1,hasrhi
12,kiran
855355,rajendra
123,harsh
7777,SHIVANAGOUDANS
007,james
56787,sudeep
12344,sudeep
1234,Snehil
401,Brunda
1234,mohan
456,pooja
222,tejaswini
123,manasa
11,sp
123,harshitha
